Title,Category,Unique-Multiple,Image,Ref_Num,Maker_Artist,Artist_2,Artist_Culture,Artist_2_Culture,Manufacture_Country,Materials,Material_Primary-Base,Material_Secondary,Material_Regulated-Endangered,Measurements,Height-Length,Width,Diameter_Depth,Largest_Dim_CM,Weight,Time Period,TP_Start,TP_End,Manufacture_Start,Manufacture_End,Color-Primary,Additional Information,Removed_Database
"A New General Atlas, Constructed From the Latest Authorities",Books and Ephemera,Multiple,N,00895,Aaron Arrowsmith,A. Constable and Longman (Publishers),English,English,United Kingdom,Printed paper book,paper,ink,Standard,Length: 30 cm,30 cm,Unknown,NA,30.00,NA,Copyright 1817,1817,1817,1817,1818,NA,"Edinburgh, London; A. Constable; Longman; [2] 1., 53 maps, 912 Ar69n",N
Capita deorvm et illvstrivm hominvm pacis belliqve artibvs clarissimorvm nec non heiroglyphica,Books and Ephemera,Multiple,N,00895,Johann Martin von Ebermayer,NA,German,NA,Germany,Printed paper,paper,ink,Standard,39 cm,39 cm,Unknown,NA,39.00,NA,Copyright: 1721,1721,1721,1721,1725,NA,"Francofvrti et Lipsioe; 4 p.1., 226, [22] p. illus., xvii pl.; 736.2 Eb3; book; Kenyon College books can be identified by the following: 1) A KC logo on the inside front cover, or a logo entitled Philo Mathesian Society or Nu Pi Kappa (which are literary societies connected with KC); and/or 2) A KC call number on the outside spine or penciled in on one of the first 5 pages of the book (note: Breithaupt on occasion erased the penciled-in number but an imprint may still be visible); and/or 3) KC acquisition information on one of the first 5 pages of the book",N
Consilia Medica,Books and Ephemera,Multiple,N,00925,Bartholomaeus Montagnana,Jacobus de Vitalibus,Italian,Italian,Italy,Printed paper,paper,ink,Standard,38 cm,38 cm,Unknown,NA,38.00,NA,1476,1476,1476,1476,1476,NA,Likely published in Padua given 1476 ed,Y
Des imagistes: an anthology,Books and Ephemera,Multiple,N,00895,Ezra Pound,A and C Boni,American,American,United States of America,Printed paper book,paper,ink,Standard,Height: 30 cm; Width: 45 cm,30 cm,45 cm,NA,45.00,NA,Copyright 1983,1914,1914,1914,1914,Black and white,"New York, A and C Boni; 63 p.",N
Elegy on Dead Fashion,Books and Ephemera,Multiple,N,00895,Edith Sitwell,Duckworth,English,English,United Kingdom,Printed paper,paper,ink,Standard,25.00 cm,25.00 cm,Unknown,NA,25.00,NA,Copyright: 1926,1926,1926,1926,1927,NA,"London, Duckworth; 2, 21, [1] p. front., illus.; book; Kenyon College books can be identified by the following: 1) A KC logo on the inside front cover, or a logo entitled Philo Mathesian Society or Nu Pi Kappa (which are literary societies connected with KC); and/or 2) A KC call number on the outside spine or penciled in on one of the first 5 pages of the book (note: Breithaupt on occasion erased the penciled-in number but an imprint may still be visible); and/or 3) KC acquisition information on one of the first 5 pages of the book",N
"Epistolae hactenus in-editae, de locis S. Scripturae, moribusque formandis",Books and Ephemera,Multiple,N,00895,Saint Isidorus,Ex Officina Martini Nutii,Egyptian,Belgian,Belgium,Printed paper,paper,ink,Standard,18.00 cm,18 cm,Unknown,NA,18.00,NA,Copyright:1623,1623,1623,1623,1623,NA,"Antuerpiae ex officina Martini Nutii; [12], 332, [8] p.; 270.2 Is35e; book; Kenyon College books can be identified by the following: 1) A KC logo on the inside front cover, or a logo entitled Philo Mathesian Society or Nu Pi Kappa (which are literary societies connected with KC); and/or 2) A KC call number on the outside spine or penciled in on one of the first 5 pages of the book (note: Breithaupt on occasion erased the penciled-in number but an imprint may still be visible); and/or 3) KC acquisition information on one of the first 5 pages of the book.",N
"Folio (251) of the notarial protocol No.17, Scribe Juli√°n Bravo (1599)",Books and Ephemera,Unique,Y,01174,Scribe Julián Bravo,NA,Peruvian,NA,Peru,Paper,paper,ink,Standard,Folio,38 cm,Unknown,NA,38.00,NA,1599,1599,1599,1599,1599,NA,"It deals with the company contract signed by Francisco Pérez de Robles, Isabel de los Ángeles, Andrés González, Miguel de Burgos, Juan Crisóstomo, Bernardo Martínez, Luis de Mayorga and Bartolomé de Suárez, comedians, in the port of Callao in the city of Lima, on 28 June 1599, before the notary public Julián Bravo. Folio 251v: Folio without number, contains the text of certain conditions of the carrier contract concluded between the eight comedians.",N
"Gold referral record to the Assayer Mayor of Lima, year 1828",Books and Ephemera,Unique,Y,01171,Unknown,NA,Peruvian,NA,Peru,Paper,paper,ink,Standard,Unknown,Unknown,Unknown,NA,22.00,NA,Made in 06/17/1828,1828,1828,1828,1828,NA,"Document in bifolio format, with data registration in the horizontal direction, paper support of ""rag"", of heavy weight; it presents mixed writing (printed and handwritten in ink), with a header like a form, it contains data with respect to the number, the administrative reason and the topic data: “NUMERO _6_ RAZON DE LAS PASTAS DE ORO Y PLATA QUE LA Administración general del Reyno remite ál Ensayador mayor del mismo, con cargo de mantenerlos à disposición de sus respectivos dueños, ó consignatarios en esta Capital, después de deducidos los correspondientes derechos à favor del Estado con expresión de las Administraciones foráneas de su procedencia en la cartera del Cuzco y correo de dicha ruta, que arribó à esta expresada general en el día de hoy…… A SABER.” (""NUMBER _6_ REASON OF THE GOLD AND SILVER PASTES THAT THE GENERAL ADMINISTRATION OF THE KINGDOM SENT TO THE MAJOR TESTER OF THE SAME, with the charge of keeping them at the disposal of their respective owners, or consignees in this Capital, after deducting the corresponding rights in favour of the State with expression of the foreign Administrations of their origin in the portfolio of Cuzco and mail of this route, which arrived at this general expressed today...... TO KNOW. ”) Under the heading, as a table of accounts, the administration of origin, the registration number, the consignee and the quantities of gold and silver (yews, pounds, ounces, bars, frames, pineapples, etc.) are specified. Contains ink data with specific information: “Cuzco / 15 / Doña Rosa Villavicencio / Administración General de Correos de Lima junio 17 1828 / M. Vega Bazan (autógrafa) / cond.on 2 ad / (Tejos) 1 / (Libras) 4 / (Onzas) 4 _ “ (""Cuzco / 15 / Doña Rosa Villavicencio / Administración General de Correos de Lima junio 17 1828 / M. Vega Bazan (autograph) / cond.on 2 ad / (Yew trees) 1 / (Pounds) 4 / (Ounces) 4 _ ""). On the reverse side, evidence of ink migration, wet spots and ink splashes. It has a regular state of conservation, with accounting characteristics of belonging to a complex unit (book, file), signs of oxidation of the support (yellowing), the register with the greatest load of ink shows halos of oxidation of ferro-gallic ink, the other registers with ferro-gallic ink show loss of colour; the contours of the support on the upper right and left side margin, show irregularities in the form of ripples and breaks.",N
Guangyun Rhyme Dictionary in 5 Chapters,Books and Ephemera,Multiple,N,00865,Unknown,NA,Chinese,NA,China,Printed paper,paper,ink,Standard,Height: 16.80 cm; Width: 11.20 cm,16.8 cm,11.2 cm,NA,16.80,NA,Yuan Period,1271,1368,1271,1368,NA,Missing 5 chapters in five volumes; Yuan period woodblock with Ming period repairs; Library call # T5125/794D Yuan Period,N
Illustrations and Lists of All Antiquities Known During the Xuanhe Reign Period,Books and Ephemera,Multiple,N,00865,Yu Chengzu,Yu Daonan,Chinese,Chinese,China,Printed paper,paper,ink,Standard, 20.50 x 13.10 cm,20.5 cm,13.1 cm,NA,20.50,NA, 1599-1636,1599,1636,1599,1636,Unknown,"Revised Edition, in 30 Chapters -Missing volume 1 of 8 volumes; Original woodblock edition by Yu Chengzu with repairs by Yu Daonan",N
"Imagines deorum, qui ab antiques colebantur: in quibus simulacra ritus, coerimonioe, magnaq[ue] ex parte veterum religio explicatur",Books and Ephemera,Multiple,N,00895,Vincenzo Cartari,Barptolemaeum Honoratum,Italian,French,France,Printed paper,paper,ink,Standard,23.00 cm,23.0 cm,Unknown,NA,23.00,NA,Copyright: 1581,1581,1581,1581,1582,Black and white,"Lugduni, Barptolemaeum Honoratum; [8], 359, [57] p.; BL 720.C2; Kenyon College books can be identified by the following: 1) A KC logo on the inside front cover, or a logo entitled Philo Mathesian Society or Nu Pi Kappa (which are literary societies connected with KC); and/or 2) A KC call number on the outside spine or penciled in on one of the first 5 pages of the book (note: Breithaupt on occasion erased the penciled-in number but an imprint may still be visible); and/or 3) KC acquisition information on one of the first 5 pages of the book.",N
More news from Virginia: a further account of Bacon's rebellion reproduced in facsimile with an introduction by Thomas Perkins Abernethy,Books and Ephemera,Multiple,N,00895,Thomas Perkins Abernethy,University of Virginia Press,American,American,United States of America,printed paper,paper,ink,Standard,Unknown,Unknown,Unknown,NA,23.00,NA,Copyright: 1943,1943,1943,1943,1944,NA,"book; Kenyon College books can be identified by the following: 1) A KC logo on the inside front cover, or a logo entitled Philo Mathesian Society or Nu Pi Kappa (which are literary societies connected with KC); and/or 2) A KC call number on the outside spine or penciled in on one of the first 5 pages of the book (note: Breithaupt on occasion erased the penciled-in number but an imprint may still be visible); and/or 3) KC acquisition information on one of the first 5 pages of the book",N
New Account of Tales of the World in 8 Chapters,Books and Ephemera,Multiple,N,00895,Ling Yingchu,NA,Chinese,NA,China,Woodblock on paper,paper,ink,Standard,20.80 x 13.80 cm,20.80 cm,13.80 cm,NA,20.80,NA,Ming Period,1368,1644,1368,1644,Brown,Missing volumes 1-3 of 4 volumes; Color paintings on the edge; Four-color woodblock edition by Ling Yingchu,N
Parisiani Geographiae ordine litterarum dispositum,Books and Ephemera,Multiple,N,00925,Michaelis Baudrand,NA,French,NA,France,Book,paper,ink,Standard,Unknown,Unknown,Unknown,NA,31.00,NA,1682,1682,1682,1682,1682,NA,book,Y
Poems 1947-1954,Books and Ephemera,Multiple,N,00895,Weldon Kees,Adrian Wilson,American,American,United States of America,Printed paper book,paper,Ink,Standard,26 cm,26 cm,Unknown,NA,26.00,NA,Copyright: 1954,1954,1954,1954,1955,Black and white,"San Francisco, A. Wilson; 82 p.; Z239 W5 K4",N
Polyhistor,Books and Ephemera,Multiple,N,00925,Gaius Julius Solinus,Michael Isengrin and Heinrich Petri,Italian,Swiss,Switzerland,Paper,paper,ink,Standard,Folio,29 cm,Unknown,NA,29.00,NA,1538,1538,1538,1538,1538,Black and white,"Polyhistor, rerum toto orbe memorabilium thesaurus locupletissimus... Pomponii Melae de situ orbis libri tres... Basel",N
Recueil de Divers Oiseaux Colories,Books and Ephemera,Multiple,N,00925,Jean Michel Seligmann,Chez les Heritiers de Seligmann,German,German,Germany,Printed paper,paper,ink,Standard,Folio,41 cm,Unknown,NA,41.00,NA,1768,1768,1768,1768,1769,Multi,"Seligmann Jean Michel, Recueil de divers oiseaux colories. Nurnberg 1768",N
"Scepticisms, Notes on Contemporary Poetry",Books and Ephemera,Multiple,N,00895,Conrad Aiken,A.A. Knopf,American,American,United States of America,Printed paper,paper,ink,Standard,20.00 cm,20.00 cm,Unknown,NA,20.00,NA,Copyright: 1919,1919,1919,1919,1920,Black and white,"New York, A.A. Knopf, 3 p. 1., 305, [1] p.; book; poetry; Kenyon College books can be identified by the following: 1) A KC logo on the inside front cover, or a logo entitled Philo Mathesian Society or Nu Pi Kappa (which are literary societies connected with KC); and/or 2) A KC call number on the outside spine or penciled in on one of the first 5 pages of the book (note: Breithaupt on occasion erased the penciled-in number but an imprint may still be visible); and/or 3) KC acquisition information on one of the first 5 pages of the book.",N
Schwabenspiegel (Landrechtbuch),Books and Ephemera,Multiple,N,00925,Gunter Zeiner,NA,German,NA,Germany,Printed paper,paper,ink,Standard,Unknown,Unknown,NA,NA,28.00,NA,1475-1476,1475,1476,1475,1476,Unknown,"Augsburg, Gunter Zeiner, 1475/6",N
Tabulae Rudolphinae,Books and Ephemera,Multiple,N,00925,Johannes Kepler,Jonas Sauer,German,German,Germany,Printed paper,paper,ink,Standard,Folio,34 cm,Unknown,NA,34.00,NA,1625,1627,1627,1627,1628,Black and white,"Kepler Johannes, Tabulae Rudolphinae. Ulm 1627",N
The Children's Bouquet of Verse and Hymn,Books and Ephemera,Multiple,N,00895,Aunt Sarah,T.F. Unwin,Unknown,English,United Kingdom,Printed paper book,paper,ink,Standard,Length: 9 cm,9 cm,Unknown,NA,9.00,NA,Copyright: 1882,1882,1882,1882,1882,NA,"London, T.F. Unwin, 95 p., 821.08 Au",N
The Dynasts,Books and Ephemera,Multiple,N,00895,Thomas Hardy,"Macmillan and Co., Limited",English,English,United Kingdom,Printed paper book,paper,ink,Standard,Unknown,Unknown,Unknown,NA,19.00,NA,Copyright: 1924,1924,1924,1924,1925,Black and white,"London, Macmillan and Co., Limited; 3 v. 525 p.; 823.92 H22d",N
The Good Soldier: A Tale of Passion,Books and Ephemera,Multiple,N,00895,Ford Madox Ford,A and C Boni,English,American,United States of America,Printed paper book,paper,ink,Standard,19 cm,19 cm,Unknown,NA,19.00,NA,Copyright 1927,1927,1927,1927,1927,Black and white,"New York, A & C Boni; 260 p.",N
The Philobiblion; a monthly bibliographical journal,Books and Ephemera,Multiple,N,00895,George Philip Philes,G.P. Philes & Co,American,American,United States of America,Printed paper,paper,ink,Standard, 22.00 cm,22 cm,Unknown,NA,22.00,NA,Copyright 1862-1863,1862,1863,1862,1863,NA,"New York, G.P. Philes & Co.; 2 v.; Z 1007 P56; Kenyon College books can be identified by the following 1) A KC logo on the inside front cover, or a logo entitled Philo Mathesian Society or Nu Pi Kappa (which are literary societies connected with KC); and/or 2) A KC call number on the outside spine or penciled in on one of the first 5 pages of the book (note: Breithaupt on occasion erased the penciled-in number but an imprint may still be visible); and/or 3) KC acquisition information on one of the first 5 pages of the book.",N
"The Reading Notes Sir Zhen Wenzhong, The Xishan Master",Books and Ephemera,Multiple,N,00865,Sir Zhen Wenzhong,Fuzhou Education Office,Chinese,Chinese,China,Woodblock on paper,paper,ink,Standard,21.10 x 15.60 cm,21.10 cm,15.60 cm,NA,21.10,NA,Song Period,960,1279,960,1279,NA,"Missing 1 volume consisting of chapter 7, 20 and 21; 1st collection in 27 chapters; book; China; Woodblock edition of the Fuzhou Education Office",N
The Theory of the Earth,Books and Ephemera,Multiple,N,00895,Thomas Burnet,R.N. for W. Kettilby,English,English,United Kingdom,Printed paper,paper,ink,Standard,Unknown,Unknown,Unknown,NA,31.00,NA,Copyright 1697,1697,1697,1697,1698,NA,"Containing An Account of the Origin of the Earth, and of All the General Changes Which it Hath Already Undergone; London, printed by R.N. for W. Kettilby; 2 v. in 1. illus., 2 fold. maps, diagrs; 213 B93; book; Kenyon College books can be identified by the following: 1) A KC logo on the inside front cover, or a logo entitled Philo Mathesian Society or Nu Pi Kappa (which are literary societies connected with KC); and/or 2) A KC call number on the outside spine or penciled in on one of the first 5 pages of the book (note: Breithaupt on occasion erased the penciled-in number but an imprint may still be visible); and/or 3) KC acquisition information on one of the first 5 pages of the book.",N
The Thin Man,Books and Ephemera,Multiple,Y,01123,Dashiell Hammett,Alfred A. Knopf,American,American,United States of America,Printed paper book,paper,ink,Standard,8vo,23 cm,15 cm,NA,23.00,NA,First edition published in 1934,1934,1934,1934,1934,NA,"Large 'Clifton Waller Barrett' bookplate on front pastedown. Small 'BARRETT' bookplate, with penciled call number on rear pastedown. Possibly in dust jacket; Call no. PS3515 .A4347 T47 1934b",N
Titles of Honor,Books and Ephemera,Multiple,N,00895,John Selden,R. Whitakers,English,English,United Kingdom,Printed paper book,paper,ink,Standard,Length: 28 cm.,28 cm,Unknown,NA,28.00,NA,Copyright: 1631,1631,1631,1631,1635,Black and white,"London, R. Whitakers; 18 p.l., 941, [1]p. illus.; 929.7 Sa4; book; Kenyon College books can be identified by the following: 1) A KC logo on the inside front cover, or a logo entitled Philo Mathesian Society or Nu Pi Kappa (which are literary societies connected with KC); and/or 2) A KC call number on the outside spine or penciled in on one of the first 5 pages of the book (note: Breithaupt on occasion erased the penciled-in number but an imprint may still be visible); and/or 3) KC acquisition information on one of the first 5 pages of the book.",N
"Walt Whitman: a selection of the manuscripts, books and association items gathered by Charles E. Feinberg",Books and Ephemera,Multiple,N,00895,Walt Whitman,Charles E. Feinberg,American,American,United States of America,Printed paper book,paper,ink,Standard,Length: 24 cm,24 cm,Unknown,NA,24.00,NA,Copyright: 1955,1955,1955,1955,1955,NA,"Detroit Public Library exhibition catalog; xii, 128 p. ports., facsims.; 811.38 W5Yf",N
Yeats and Innisfree,Books and Ephemera,Multiple,N,00895,Russell King Alspach,Dolmen Press,American,Irish,Ireland,Printed paper,paper,ink,Standard,23 cm,23 cm,Unknown,NA,23.00,NA,Copyright: 1965,1965,1965,1965,1966,Black and white,"Dublin, Dolmen Press, [69]-83 p., PR 5906 .A19 no. 3; Kenyon College books can be identified by the following: 1) A KC logo on the inside front cover, or a logo entitled Philo Mathesian Society or Nu Pi Kappa (which are literary societies connected with KC); and/or 2) A KC call number on the outside spine or penciled in on one of the first 5 pages of the book (note: Breithaupt on occasion erased the penciled-in number but an imprint may still be visible); and/or 3) KC acquisition information on one of the first 5 pages of the book",N
A Sacrifice to Diana,Drawings and Watercolors,Unique,N,00954,Luigi Ademollo,NA,Italian,NA,Italy,Pen and ink on paper drawing,paper,ink,Standard,,Unknown,Unknown,Unknown,40.50,Unknown,,1783,1849,1783,1849,Brown,No Image Associated with this Item,N
Abduction of Persephone,Drawings and Watercolors,Unique,Y,001032,Luca Cambiaso,NA,Italian,NA,Italy,Pen and ink,paper,ink,Standard, 11 1/4 x 6 3/8 in,11.25 in,6.375 in,NA,28.58,Unknown, 1527-1585,1541,1585,1541,1585,Black and white,Depicts nude man facing away from viewer holding a nude woman in his arms while he steps into a chariot with a dog laying on the floor; drawing; nude man; nude woman; dog; chariot,N
Apache,Drawings and Watercolors,Unique,Y,00200,Gregory Perillo,NA,American,NA,United States of America,Pen and ink on paper,paper,ink,Standard,20 x 16 in,20 in,16 in,NA,50.80,Unknown,20th Century,1947,1997,1947,1997,Black and white,"drawing; portrait; profile; man; Native American; Signed ""Perillo"" lower right",N
Beach Scene with People in Petticoats,Drawings and Watercolors,Unique,Y,00722,Style of Charles Sheeler,NA,American,NA,United States of America,painting,paper,watercolor,Standard,,Unknown,Unknown,Unknown,60.96,Unknown,,1905,1965,1905,1965,Blue,,N
British Harbor Scene II,Drawings and Watercolors,Unique,Y,00926,Thomas Herbert Victor,NA,English,NA,United Kingdom,Watercolor on paper,paper,watercolor,Standard,18 x 24 in,18 in,24 in,NA,60.96,Unknown,19th Century,1909,1980,1909,1980,Multi,painting; exterior; harbor; water; boats; Signed,N
Building the Airfield India,Drawings and Watercolors,Unique,Y,00337,Millard Sheets,NA,American,NA,United States of America,Watercolor on paper,paper,watercolor,Standard,20.75 x 29.5 in,20.75 in,29.5 in,NA,74.93,Unknown,1943,1943,1943,1943,1943,Yellow,"painting; airplane; woman; lower right ""to Doris and Harold with great appreciation - Millard"" 1944 India",N
Busy City,Drawings and Watercolors,Unique,Y,00964,Ben Abril,NA,American,NA,United States of America,Watercolor on paper,paper,watercolor,Standard,21 x 28 in,21 in,28 in,Unknown,71.12,Unknown,1900-1959,1944,1975,1944,1975,Multi,"Watercolor on paper depicting a city street scene. ""Hotel Pacific"" center building; painting; exterior; city; street; cars; buildings; signed lower left",N
Cafe Scene,Drawings and Watercolors,Unique,Y,00008,Jules Pascin,NA,Bulgarian,NA,France,Pencil watercolor,paper,watercolor,Standard,8 x 10.25 in,8 in,10.25 in,NA,26.04,Unknown,,1903,1930,1903,1930,Multi,painting; cafe; men; women; tables,N
Cheyenne,Drawings and Watercolors,Unique,Y,00200,Gregory Perillo,NA,American,NA,United States of America,Pen and ink on paper,paper,ink,Standard, 20 x 16 in,20 in,16 in,NA,50.80,Unknown, 20th Century,1950,2000,1950,2000,Black and white,"Native American portrait; drawing; portrait; profile; man; Native American; feathers; signed ""Perillo"" bottom center",N
Country Scene by C. Scholkem,Drawings and Watercolors,Unique,Y,00141, C. Scholkem,NA,Unknown,NA,Netherlands,Chalk on paper,paper,chalk,Standard, 6 9/16 x 11 5/8 in,6.56 in,11.625 in,NA,29.53,Unknown,,1700,1900,1700,1900,Black and white,"Black chalk on white paper. drawing; exterior; buildings; trees; fence, Black chalk on white paper.",N
Drawing Quadruped,Drawings and Watercolors,Unique,Y,000861,Wilfredo Lam,NA,Cuban,NA,Unknown,Ink on paper,paper,ink,Standard,18 x 14 1/8 in,18 in,14.125 in,NA,45.72,Unknown,,1945,1982,1945,1982,Black and white,drawing; quadruped,N
Femme au Collier,Drawings and Watercolors,Unique,Y,000348,Henri Matisse,NA,French,NA,France,Pen and ink on paper,paper,ink,Standard,12.5 x 9.5 in,12.5 in,9.5 in,NA,31.75,Unknown,1943,1943,1943,1943,1943,Black and white,"Matisse,portrait; woman; earrings; necklace, drawing; portrait; woman; earrings; necklace; Signed ""HM"" lower right corner",N
Flowers in a Vase (Lilacs),Drawings and Watercolors,Unique,Y,000819,Emilio Sanchez,NA,Cuban,NA,United States of America,Crayon on paper,paper,crayon,Standard,13.5 x 10.25 in,13.5 in,10.25 in,NA,34.29,Unknown,20th Century,1950,1990,1950,1990,Pink,"Lilac flowers in a vase, Drawing; Flowers; Signed lower left ""ES""; The work is an excellent condition. The frame was in very good condition (thick, solid, heavy wood frame with glass)",N
Galiano Island,Drawings and Watercolors,Unique,Y,00194,Toni Onley,NA,Manx,NA,Canada,Watercolor on paper,paper,watercolor,Standard, 10.5 x 14.5 in,10.5 in,14.5 in,NA,36.83,Unknown,,1955,2004,1955,2004,Gray,watercolor; landscape,N
Gloucester Fleet at Night,Drawings and Watercolors,Unique,Y,01206,Winslow Homer,NA,American,NA,United States of America,Watercolor on paper,paper,watercolor,Standard,Height: 9 5/8 in; Width: 18 5/8 in,9.625 in,18.625 in,Unknown,47.31,Unknown,1880,1880,1880,1880,1880,Blue,"Framed watercolor seascape on paper by Winslow Homer featuring sailboats; inscribed in pencil in lower right ""Winslow Homer by C.S.H. Executor""",N
Haitian Neighborhood,Drawings and Watercolors,Unique,Y,00953,Avery Fischer Johnson,NA,American,NA,Haiti,Watercolor,Unknown,watercolor,Standard,14 x 21 in,14 in,21 in,NA,53.34,Unknown,Circa 1935,1930,1940,1930,1940,Unknown,"Watercolor painting depicts five houses with coconut tree in center, two children in front of houses. Composed in blue, green, red, brown, black, orange, purple, gray in wooden frame. Discovered missing in circa 1987.; painting; exterior; buildings; children; street; palm tree",N
Henry Fonda | Ludwig Beethoven | Claude Monet | Golda Meier | Myrna Loy | Ytsak Perlman | Arturo Tuscanini | Herman Wouk | Vladimir Hurwitz | Moses,Drawings and Watercolors,Unique,Y,000728,Phillip Ratner,NA,American,NA,United States of America,Pencil on paper,paper,pencil,Standard,20 x 11 in,20 in,11 in,NA,50.80,Unknown,1970-1980,1970,1980,1970,1980,Black and white,"A collection of ten unique one-of-a-kind pencil drawings commissioned by Mr. Charles Liff from Mr. Phillip Ratner. Each depicts a famous personage, either living, deceased, or from past history, which Mr. Liff held in high regard. Each drawing was executed on hand made acid free rag paper. Each is signed and mounted in a matted and glazed museum type metal frame; drawing; portrait; man; woman; Henry Fonda; Ludwig Beethoven; Claude Monet; Golda Meier; Myrna Loy; Ytsak Perlman; Arturo Tuscanini; Herman Wouk; Vladimir Hurwitz; Moses; Signed",N
Lakeside Conversation,Drawings and Watercolors,Unique,Y,00318,Hiro Yamagata,NA,Japanese,NA,United States of America, Watercolor,Unknown,watercolor,Standard, 24 x 30 in,24 in,30 in,Unknown,76.20,Unknown,1985,1985,1985,1985,1985,Brown,exterior; lake; trees; lamppost; bench; people; painting; exterior; lake; trees; lamppost; bench; people; Signed,N
Lieutenant General Barton K. Yount,Drawings and Watercolors,Unique,Y,000727,Norman Rockwell,NA,American,NA,United States of America,Pencil on paper,paper,pencil,Standard,24 x 18 in,24 in,18 in,NA,60.96,Unknown,,1949,1965,1949,1965,Brown,"Pencil sketch on brownish charcoal paper depicting Lt. General Barton K. Yount. The ribbons are in color, all other portions are penciled. The drawing was a gift by Norman Rockwell to Lt. General Yount upon the graduation of Rockwell's son from the Air Training Command at the Scott Air Force Base. drawing; portrait; man; military; uniform; hat; ""Norman Rockwell"" in block lettering lower right",N
Man of La Mancha (Roundup Cover Art),Drawings and Watercolors,Unique,Y,00080,Raul Rossell,Denver Post,Unknown,American,United States of America,Watercolor on paper,paper,watercolor,Standard,,Unknown,Unknown,Unknown,50.80,Unknown,,1965,1973,1965,1973,Red,"Painting commissioned to be cover of ""Roundup,"" entertainment magazine for the Denver Post. The painting was unframed at time of theft. Original does not have magazine ovelays as depicted in image, painting,man; woman; knight; windmill; signed lower center",N
Manglietia fordiana,Drawings and Watercolors,Unique,Y,01056,Mang Hang Ho,NA,Chinese,NA,United States of America,Watercolor and pencil on paper,paper,watercolor,Standard,Width: 15 in; Height: 20 in.,20 in,15 in,Unknown,50.80,Unknown,1988,1988,1988,1988,1988,Green,Realistic depiction of deciduous Manglietia fordiana in full flower.; signed Ho Mang Hang lower right,N
Moonstone,Drawings and Watercolors,Unique,Y,000964,Judith M. Craig,NA,American,NA,United States of America, Pencil on paper,paper,pencil,Standard, 11 x 13 in,11 in,13 in,NA,33.02,Unknown,1972,1972,1972,1972,1972,Black and white," drawing; signed lower right ""Moonstone, April 1972""",N
Rue a Macon,Drawings and Watercolors,Unique,Y,00804,Camille Pissarro,NA,French,NA,France,Watercolor,paper,watercolor,Standard,6.75 x 9.13 in,6.75 in,9.13 in,NA,23.19,Unknown,19th Century,1846,1903,1846,1903,Blue,Landscape,N
Samurai,Drawings and Watercolors,Unique,Y,00964,Unknown,NA,Japanese,NA,Japan,Watercolor,Unknown,watercolor,Standard,16 x 12 in,16 in,12 in,NA,40.64,Unknown,1900-1969,1900,1969,1900,1969,Unknown,painting; Japanese; man; samurai,N
Sheet of Studies of Putti and heads (recto); Nude Male (verso),Drawings and Watercolors,Unique,Y,000954,Pietro Testa,NA,Italian,NA,Italy,Ink; chalk; paper,paper,chalk,Standard,47.50 x 25.70 cm,47.5 cm,25.7 cm,NA,47.50,Unknown,1611-1650,1625,1650,1625,1650,Red,Pen and brown ink; verso in red chalk.; drawing; nude man; men,N
Study for Boy Leading a Horse,Drawings and Watercolors,Unique,Y,000348,Pablo Picasso,NA,Spanish,NA,France,Charcoal on paper,paper,charcoal,Standard,9.5 x 6.25 in,9.5 in,6.25 in,NA,24.13,Unknown,1905,1905,1905,1905,1905,Black and white,"Reproduced in Zervos Volume I, plate 266 on page 118, drawing; nude man; bald; walking; Signed ""Picasso"" upper left corner",N
Study of Hands 2,Drawings and Watercolors,Unique,Y,000361,Jose Clemente Orozco,NA,Mexican,NA,Mexico,Ink on paper,paper,ink,Standard,"22.5"" x 15.25""",22.5 in,15.25 in,NA,57.15,Unknown,,1899,1949,1899,1949,Black and white,Two hands and forearms cupped.,N
Summer Foliage,Drawings and Watercolors,Unique,N,00953,Marguerite Burgess,NA,American,NA,United States of America, Watercolor painting,Unknown,watercolor,Standard, Length: 12.25 in; Width: 19.75 in,12.25 in,19.75 in,Unknown,50.17,Unknown,1940,1940,1940,1940,1940,Unknown," No Image Associated with this Item; Signed ""Marguerite Burgess"" lower right; written in sepia ink top left verso ""Summer Foliage, $12, Marguerite Burgess, 1731 Connecticut Avenue, NW, Washington, DC""; Label in lower right corner ""19, Summer Foliage by Marguerite Burgess, Washington, DC. Loaned by the U.S. Government Section of Fine Arts""",N
Talking,Drawings and Watercolors,Unique,Y,00934,Kasimir Malevich,NA,Ukrainian,NA,Russia,Watercolor,paper,watercolor,Standard,13 x 12 in,13 in,12 in,NA,33.02,Unknown,1900-1935,1900,1935,1900,1935,White,"Watercolor by Kazimir Malevich entitled ""Talking."" Line drawing style of person (man?) with head turned to viewer's right, he wears blue pants with one black leg. painting, cubism, man; Signed lower right",N
Village in Great Britain,Drawings and Watercolors,Unique,Y,00926,Thomas Herbert Victor,NA,English,NA,United Kingdom, Watercolor on paper,paper,watercolor,Standard, 16 x 24 in,16 in,24 in,Unknown,60.96,Unknown, 19th Century,1909,1980,1909,1980,Multi, painting; exterior; landscape; village; buildings,N
Wilfredo Lam Double-headed Quadraped,Drawings and Watercolors,Unique,Y,000861,Wilfredo Lam,NA,Cuban,NA,Unknown,Ink on paper,paper,ink,Standard,18.25 x 13.5 in,18.25 in,13.5 in,NA,46.36,Unknown,,1945,1982,1945,1982,Black and white,drawing; animal,N
165-Y,Paintings,Unique,Y,00964,Ishizo Nishio,NA,Japanese,NA,Japan,Oil on canvas,canvas,oil,Standard,36 x 46 in,36 in,46 in,NA,116.84,Unknown,1900-1965,1900,1965,1900,1965,Unknown,painting; abstract art,N
6% Bar,Paintings,Unique,Y,01046,Max Moran,NA,American,NA,United States of America,Oil on canvas,canvas,oil,Standard,40 x 52 in,40 in,52 in,Unknown,132.08,Unknown,1985,1985,1985,1985,1985,Multi,Interior; Signed Michael or Max Moran,N
A Classical Landscape with Two Figures,Paintings,Unique,Y,00954,Gaspard Dughet a.k.a. Poussin,NA,French,NA,France, Oil on canvas,canvas,oil,Standard, 51.00 x 69.00 cm,51 cm,69 cm,NA,69.00,Unknown, 1615-1675,1615,1675,1615,1675,Multi,"Painting by Gaspard Dughet, called Gaspard Poussin; painting; landscape; trees; road; people; walking",N
A Farmer and Six Geese,Paintings,Unique,Y,00488,Pieter Brueghel the Younger,NA,Flemish,NA,Belgium,,wood,oil,Standard,Diameter: 17 cm,Unknown,17 cm,17 cm,17.00,Unknown,1564-1638,1564,1638,1564,1638,Brown,painting; man; staff; geese; cottage; signed bottom center,N
A Peaceful Parade,Paintings,Unique,Y,00732,"Robert Stark, Jr.",NA,American,NA,United States of America,Oil on canvas,canvas,oil,Standard,24 x 54 in,24 in,54 in,NA,137.16,Unknown,2005,2005,2005,2005,2005,Blue,"3 catboats, one with red sail, one with blue sail, one with white sale. Small lighthouse on right. painting; marine; signed lower right, R. Stark",N
A woody landscape with figures in a glade,Paintings,Unique,Y,01121,Edward Williams,NA,English,NA,United Kingdom,Oil on panel,wood,oil,Standard,11 x 14.5 in.,11 in,14.5 in,NA,36.83,Unknown,,1801,1855,1801,1855,Unknown,Landscape with figures,N
Adoration of the Three Wise Men,Paintings,Unique,Y,00099,Jacob Bassano,NA,Italian,NA,Italy,Oil on canvas,canvas,oil,Standard,40 x 50 in,40 in,50 in,NA,127.00,Unknown,16th Century,1510,1592,1510,1592,Red,Painting; adoration of Jesus,N
Alaskan Autumn,Paintings,Unique,Y,00600,Sydney Laurence,NA,American,NA,United States of America,Oil on canvas,canvas,oil,Standard,16 x 20 in,16 in,20 in,NA,50.80,Unknown,,1885,1940,1885,1940,Multi,"Small log cabin in left of picture, trees (mostly with white bark) with multicolored autumn leaves. Trees fade into dark blue background.; painting; cabin; trees; autumn; Signed",N
"Album of Plants, Animals and Birds: Crab",Paintings,Unique,Y,000356,"Chen Chun, attributed",NA,Chinese,NA,China,Ink on paper,paper,ink,Standard,28.00 x 24.00 cm,28 cm,24 cm,NA,28.00,Unknown,1368-1643,1483,1544,1483,1544,Black and white,"Chen Chia-yen, alias Kung-chang, was a native of Chia-hsin. He was famous for painting birds and flowers. This album consists of twelve pictures, all of which were painted in ink. Eleven of the drawings bear the seals of the artist, and the twelfth drawing bears the signature of the artist and the date of the painting, drawing; Asian; crab; plants; Seals of artist lower left and lower right",N
American Ship in Storm,Paintings,Unique,Y,00578,Unknown,NA,American,NA,United States of America,,Unknown,oil,Standard,29 x 38 in,29 in,38 in,NA,96.52,Unknown,1850,1850,1850,1850,1850,Blue,1850 painting of a ship in a storm; painting; sailing ship; waves; storm,N
Archangel Saint Michael | Saint Michael Fighting the Devil,Paintings,Unique,Y,00477,Unknown,NA,Peruvian,NA,Peru,Oil on canvas,canvas,oil,Standard,89.00 x 62.00 cm,89 cm,62 cm,Unknown,89.00,Unknown,18th Century,1700,1799,1700,1799,Multi,"painting; St. Michael; devil; inscribed in gold in lower right, Cuzco style lettering",N
Arizona Trails,Paintings,Unique,Y,00362,Olaf Wieghorst,NA,Danish,NA,United States of America, Oil on board,board,oil,Standard, 16 x 20 in,16 in,20 in,NA,50.80,Unknown,1981,1981,1981,1981,1981,Multi,horse; man; riding; Native American; mountains; Arizona; painting; horse; man; riding; Native American; mountains; Arizona; signed,N
Arrival at the Encampment,Paintings,Unique,Y,00584,Pieter Wouwerman,NA,Dutch,NA,Netherlands,Oil on canvas,canvas,oil,Standard,21.5 x 27.5 in,21.5 in,27.5 in,Unknown,69.85,Unknown,1623-1682,1623,1682,1623,1682,Blue,painting; Dutch; exterior; horses; men; riding; tent; flag; initialed,N
Artist's Mother,Paintings,Unique,N,00876,Arbit Blatas,NA,Lithuanian,NA,Germany, Oil on canvas,canvas,oil,Standard,,Unknown,Unknown,Unknown,60.96,Unknown,1927,1927,1927,1927,1927,Unknown," painting; portrait; full face; woman; brunette; Signed and dated lower right ""A. Blatas""",N
Aspens,Paintings,Unique,Y,01213,Victor Higgins,NA,American,NA,United States of America,Oil on canvas,canvas,oil,Standard,Height: 12 in; Width: 14 in,12 in,14 in,NA,35.56,Unknown,c. 1932,1922,1940,1922,1940,Multi,landscape; trees; mountains; paintings,N
Back Home Blues,Paintings,Unique,Y,01117,Rev. SW. John Dewayne Lanham,NA,American,NA,United States of America,Folk Art- canvas acrylic,canvas,acrylic,Standard,8 x 8 in,8 in,8 in,Unknown,20.32,Unknown,2002,2002,2002,2002,2002,Blue,"Painting; black blues player sitting in front of blues house; signed name/nickname right side and SO marked on rear, code 139405 on back; frame, glass, matted",N
Balancing Triangles,Paintings,Unique,Y,00819,Alexander Calder,NA,American,NA,United States of America, Gouache on paper,paper,gouache,Standard, 27 x 40 in,27 in,40 in,NA,101.60,Unknown,1963,1963,1963,1963,1963,Red,"Composition with green and blue hatches with red and two black triangles; Painting; Abstract; Signed and dated lower right ""Calder 63""; The gouache and paper appear to be in good condition. A little bit of yellowing along the top of the paper. Frame is wood with gold paint on the from edges. There is not a matte around the paper. Glass covering. Frame appears to be somewhat structurally unsound. The frame is coming apart at the top and bottom right corners.",N
Banquette con Orquesta,Paintings,Unique,Y,00401,Unknown,NA,Unknown,NA,United States of America,,Unknown,paint,Standard,,Unknown,Unknown,Unknown,71.12,Unknown,,1925,2024,1925,2024,Green,painting; exterior; tree; building; music; orchestra,N
Beach Scene with Figure,Paintings,Unique,Y,00643,Frederick H. Mcduff,NA,American,NA,United States of America,Oil on canvas,canvas,oil,Standard,16 x 12 in,16 in,12 in,NA,40.64,Unknown,1950-2000,1950,2000,1950,2000,Blue,"painting; landscape; beach; signed Fred Mcduff lower right; linen matte, gilt wood frame",N
Birches,Paintings,Unique,Y,00569,Neil Welliver,NA,American,NA,United States of America,Oil on canvas,canvas,oil,Standard,12 x 12 in,12 in,12 in,NA,30.48,Unknown,20th Century,1950,2004,1950,2004,Multi,"Birch trees in winter,painting; trees; snow; winter; signed ""Welliver"" lower right",N
Black and Snow Ikebana Drawing,Paintings,Unique,Y,000872,Dale Chihuly,NA,American,NA,United States of America,,paper,acrylic,Standard,30 x 22 in,30 in,22 in,NA,76.20,Unknown,,1985,2015,1985,2015,Black,"Black and Snow Ikebana Drawing, Drawing",N
Black Float Drawing,Paintings,Unique,Y,000872,Dale Chihuly,NA,American,NA,United States of America,Drawing; Abstract,paper,acrylic,Standard,30 x 22 in,30 in,22 in,NA,76.20,Unknown,,1980,2015,1980,2015,Red,"Black Float Drawing, Drawing; Abstract",N
"Blue Calligraphy, Orange Sky",Paintings,Unique,Y,00006,Alexander Calder,NA,American,NA,United States of America,Gouache,Unknown,gouache,Standard,73.75 x 103.75 cm,73.75 cm,103.75 cm,NA,103.75,Unknown,1962,1962,1962,1962,1962,Orange,painting; abstract art; black; red; orange; signed and dated lower right,N
Buddhist Images,Paintings,Unique,Y,00356,Unknown,NA,Chinese,NA,China, Ink on paper,paper,ink,Standard, 125.00 x 57.00 cm,125 cm,57 cm,NA,125.00,Unknown, 960-1279,960,1279,960,1279,Multi, painting; Asian; figure; sitting; crown; Buddhism; unsigned,N
California Springtime,Paintings,Unique,Y,00953,John Bond Francisco,NA,American,NA,United States of America, Oil on canvas,canvas,oil,Standard," 22 x 28 in, frame",22 in,28 in,NA,71.12,Unknown, 1863-1931,1878,1931,1878,1931,Multi,"Painting depicting field of yellow, red, blue flowers with green tree foreground and mountain range, background. In reds, greens, yellows, blues, grays, white in wooden frame. Commissioned under WPA Southern California Project. Discovered missing during the 1999 annual art inspection, Denver Federal Center Building, Lakewood, Colorado. In 2001, SA Cummings, GSA, interviewed a number of GSA staff members about the painting. Painting depicting field of yellow, red, blue flowers with green tree foreground and mountain range, background. In reds, greens, yellows, blues, grays, white in wooden frame. Commissioned under WPA Southern California Project. Discovered missing during the 1999 annual art inspection, Denver Federal Center Building, Lakewood, Colorado. In 2001, SA Cummings, GSA, interviewed a number of GSA staff members about the painting. painting; landscape; canyon; signed lower left",N
Canal Light,Paintings,Unique,Y,00809,Gerhardt Miller,NA,American,NA,United States of America,Egg tempera,Unknown,tempera,Standard,20.75 x 27 in,20.75 in,27 in,NA,68.58,Unknown,1972,1972,1972,1972,1972,Blue,painting; landscape; water; tree; lighthouse; Signed lower left,N
Carmen,Paintings,Unique,Y,00685,Chris Moroney,NA,American,NA,United States of America, Gesso board,board,pigments,Standard, 75.00 x 60.00 cm,75 cm,60 cm,Unknown,75.00,Unknown, 20th Century,1960,1990,1960,1990,Red, painting; woman; brunette; shawl; moon; night; flowers; arches,N
Celestial Dolphin,Paintings,Unique,Y,00270,Apollo,NA,American,NA,United States of America,Acrylic on canvas,canvas,acrylic,Standard,24 x 48 in,24 in,48 in,NA,121.92,Unknown,,1995,2023,1995,2023,Blue,painting; dolphin; coral reef; framed in black lacquer,N
Chinese Lady,Paintings,Unique,Y,00926,Unknown,NA,Chinese,NA,China, Watercolor needlepoint silk,silk,watercolor,Standard, 8 x 6 in,8 in,6 in,NA,20.32,Unknown, 19th Century,1800,1899,1800,1899,Multi,"Asian; woman; standing, painting; Asian; woman; standing",N
Chinese Man,Paintings,Unique,Y,00926,Unknown,NA,Chinese,NA,China,Watercolor; needlepoint; silk,silk,watercolor,Standard,8 x 6 in,8 in,6 in,Unknown,20.32,Unknown,19th Century,1800,1899,1800,1899,Multi,painting; Asian; man; standing,N
Christmas Night,Paintings,Unique,Y,00600,Sydney Laurence,NA,American,NA,United States of America,Oil on canvas,canvas,oil,Standard,14 x 10 in,14 in,10 in,NA,35.56,Unknown,,1885,1940,1885,1940,Blue,"Snow covered, small log cabin with one light in the window. Dark sky background with one bright star in the sky.; painting; cabin; snow; night; signed",N
City Corner,Paintings,Unique,Y,00953,Elliot Orr,NA,American,NA,United States of America,Oil,Unknown,oil,Standard,23 x 29 in,23 in,29 in,Unknown,73.66,Unknown,1938,1938,1938,1938,1938,Orange,"Painting depicts one pedestrian walking past a house on city corner - evening scene. In oranges, yellows, greens, blues, black, brown in wooden frame. Tempera under glass. painting; exterior; building; stairs; night; man; walking; Signed lower right ""Elliot Orr""; Rear tag data",N
Coast Highway,Paintings,Unique,Y,00964,Elizabeth Strong,NA,American,NA,United States of America,Oil on canvas,canvas,oil,Standard,14 x 29 in,14 in,29 in,Unknown,73.66,Unknown,1900-1962,1900,1962,1900,1962,Unknown,painting; landscape; road; fence; trees,N
Country Scene,Paintings,Unique,Y,00456,Alfred Vickers,NA,English,NA,United Kingdom,Oil on canvas,canvas,oil,Standard,34 x 48 in,34 in,48 in,Unknown,121.92,Unknown,,1807,1868,1807,1868,Multi,landscape; trees; mountains; painting; landscape; trees; mountains,N
County Fair,Paintings,Unique,Y,00964,Charlotte Burger,NA,American,NA,United States of America,Oil on canvas,canvas,oil,Standard,38 x 25 in,38 in,25 in,NA,96.52,Unknown,Prior to 1969,1900,1969,1900,1969,Unknown,painting; fair,N
Couples,Paintings,Unique,Y,00843,Stephen Fox,NA,American,NA,United States of America,Oil on canvas,canvas,oil,Standard,55 x 66 in,55 in,66 in,Unknown,167.64,Unknown,1996,1996,1996,1996,1996,Multi,"In foreground two dogs are standing in the middle of the street in a darkly shadowed neighborhood. Sunlight is shining through the tree branches in the background. The dogs' fur has a reddish glow. painting; street; dogs; trees; Signed ""FOX"" in lower right corner",N
Cowboy,Paintings,Unique,Y,00747,Nicole Charbonnet,NA,American,NA,United States of America,Mixed media on canvas,canvas,mixed media,Standard,48 x 60 in,48 in,60 in,NA,152.40,Unknown,,2000,2004,2000,2004,Blue,,N
Desnudo en Circulos,Paintings,Unique,Y,00687,Martinez Roig,NA,Unknown,NA,Unknown, Oil on canvas over cardboard,board,oil,Standard," 20"" x 18""",20 in,18 in,NA,50.80,Unknown, 20th Century,1900,2000,1900,2000,Multi," Signed ""Martinez Roig"" on lower right corner.",N
Deux Fleurs et Element Mecanique,Paintings,Unique,Y,01035,Fernand Leger,NA,Argentan,NA,France,Oil on canvas,canvas,oil,Standard,18 x 13 in,18 in,13 in,NA,45.72,Unknown,1954,1954,1954,1954,1954,Unknown,"Abstract art; modern art; flowers. painting; abstract art; modern art; flowers; Signed lower right ""Leger 54""; title written on the reverse of the canvas",N
Devil Mask,Paintings,Unique,Y,00006,Alexander Calder,NA,American,NA,United States of America,Gouache,Unknown,gouache,Standard,73.75 x 108.12 cm,73.75 cm,108.12 cm,NA,108.12,Unknown,1974,1974,1974,1974,1974,Red,painting; modern art; devil; pitchfork; Signed and dated lower right,N
Elaine au Repos,Paintings,Unique,Y,01016,Jean-Paul Jacques Favre de Thierrens,NA,French,NA,France,Oil on panel,canvas,oil,Standard,21.25 x 26 in,21.25 in,26 in,NA,66.04,Unknown,,1953,1971,1953,1971,Multi,"Jacques Faure de Thierrenspainting of awoman sleeping; white shirt; blue skirt, painting; woman; sleeping; white shirt; blue skirt; signed",N
Elegant Figures on a Terrace,Paintings,Unique,N,00954,Esaias van de Velde,NA,Dutch,NA,Netherlands,,wood,oil,Standard,Diameter: 6 in,Unknown,6 in,6 in,15.24,Unknown,,1597,1630,1597,1630,Unknown,Oval painting in an octagonal frame.; painting; figures,N
Elephant Series,Paintings,Unique,Y,00071,Christian Claerebout,NA,French,NA,France,Oil on paper,paper,oil,Standard,40 x 40 in,40 in,40 in,NA,101.60,Unknown,2002,2002,2002,2002,2002,Brown,Framed in black lacquer.painting; elephant; Signed upper right,N
Elizabeth the First,Paintings,Unique,Y,01046,Max Moran,NA,American,NA,United States of America,Oil on canvas,canvas,oil,Standard,26 x 34 in,26 in,34 in,NA,86.36,Unknown,1977-1978,1977,1978,1977,1978,Gold,portrait,N
English Country Scene | English Countryside,Paintings,Unique,Y,00690,George Shalders,NA,English,NA,United Kingdom,Oil on canvas,canvas,oil,Standard,3 x 4 in,3 in,4 in,NA,10.16,Unknown,1865,1865,1865,1865,1865,Multi,"realism; landscape; mountains; animals; water, painting; realism; landscape; mountains; animals; water; signed",N
Faces in the Hood Series,Paintings,Unique,Y,00873,Tyree Guyton,NA,American,NA,United States of America,Metal; paint; automobile; hood,metal,paint,Standard,96 x 72 in,96 in,72 in,Unknown,243.84,Unknown,1997,1997,1997,1997,1997,Blue,"Male and female faces painted on either side multi-colored with blue background and ""OJ"" written on both sides of this double hood. Also includes polka dots and religious symbols.; painting; face; modern art; small ID number written on back",N
Faces in the Hood Series,Paintings,Unique,Y,00873,Tyree Guyton,NA,American,NA,United States of America, Metal; paint; automobile hood,metal,mixed media,Standard, 60 x 60 in,60 in,60 in,NA,152.40,Unknown, 1990s,1990,1999,1990,1999,Multi,"Large round female face trimmed in green with a white background. Pink mouth with yellow hair. Polka dots, crosses and religious words. Black bar teeth.; painting; face; modern art; Small ID number on back",N
Fairmount Water Works,Paintings,Unique,Y,00082,John A. Woodside,NA,American,NA,United States of America,Oil on canvas,canvas,oil,Standard,22 x 27 1/8 in,22 in,27.125 in,NA,68.90,Unknown,1842,1842,1842,1842,1943,Unknown,Landscape showing the water works on the river. Rebacked and restored in September 1943.,N
Feast Day,Paintings,Unique,Y,00285,Unknown,NA,Russian,NA,Russia,Wood tempera,wood,tempera,Standard,,Unknown,Unknown,Unknown,50.80,Unknown, 19th Century,1800,1899,1800,1899,Multi,"Icon of the middle school type, illlustrating the life of Christ. icon; Life of Christ",N
Figurative Painting of Sara L.,Paintings,Unique,N,01046,Max Moran,NA,American,NA,United States of America,Oil on panel,wood,oil,Standard,10 x 17 in,10 in,17 in,NA,43.18,Unknown,1992,1992,1992,1992,1992,Unknown,,N
Figures in a Parisian Park,Paintings,Unique,Y,00675,Luigi Loir,NA,French,NA,France,Oil on panel,wood,oil,Standard,3.75 x 6.25 in,3.75 in,6.25 in,NA,15.88,Unknown,1865-1916,1865,1916,1865,1916,Blue,"painting; people; park; trees; impressionism; blue; Signed on lower right ""Loir Luigi""",N
Floral Still Life,Paintings,Unique,Y,00361,David Alfaro Siqueiros,NA,Mexican,NA,Mexico,Acrylic on panel,wood,acrylic,Standard,"31"" x 23.25""",31 in,23.25 in,Unknown,78.74,Unknown,,1919,1971,1919,1971,Red,Red and yellow flowers. signed lower right,N
Flower #2,Paintings,Unique,Y,00861,Chucho Reyes,NA,Mexican,NA,Mexico,Tempera on tissue,tissue,tempera,Standard,36 x 20.5 in,36 in,20.5 in,NA,91.44,Unknown,,1895,1977,1895,1977,Blue,painting; flower; vase; signed,N
"Fountain at Frisole, Italy",Paintings,Unique,Y,00428,Mary Foote,NA,American,NA,Italy, Oil on canvas,canvas,oil,Standard, 30 x 19 in,30 in,19 in,Unknown,76.20,Unknown,,1928,1960,1928,1960,Multi, painting; exterior; fountain; wall; trees; signed,N
Galatea,Paintings,Unique,Y,00008,Raoul Dufy,NA,French,NA,France,Gouache,paper,gouache,Standard,22 x 30.25 in,22 in,30.25 in,NA,76.84,Unknown,,1896,1952,1896,1952,Blue,painting; modern art; nude women; horses; signed,N
Giverny Bridge,Paintings,Unique,Y,00026,Albert Malet,NA,French,NA,France,Oil on canvas,canvas,oil,Standard,18 x 21 in,18 in,21 in,Unknown,53.34,Unknown,20th Century,1929,1986,1929,1986,Unknown,painting; French; impressionism; bridge; water; flowers; trees; Signed lower right,N
Hudson Valley,Paintings,Unique,Y,00225,G. Coste,NA,American,NA,United States of America,Oil,canvas,oil,Standard,14 x 10 in,14 in,10 in,NA,35.56,Unknown,,1825,1875,1825,1875,Multi,painting; realism; landscape; mountains; trees,N
Icons,Paintings,Unique,Y,00875,Bonnie Maygarden,NA,American,NA,United States of America,Acrylic on canvas,canvas,acrylic,Standard,"8 x 12 in, individually",8 in,12 in,NA,30.48,Unknown,2016,2016,2016,2016,2016,Multi,"Boxed set, multiple works",N
Indian Cache,Paintings,Unique,Y,00600,Sydney Laurence,NA,American,NA,United States of America, Oil on canvas,canvas,oil,Standard, 10 x 8 in,10 in,8 in,NA,25.40,Unknown,,1885,1940,1885,1940,Multi,ndian cabin built on tall stilts on grassy plain. A rope is strung between the stilts and it appears hides are hung on it to dry. painting; exterior; cabin; stilts; clouds; Signed lower right,N
Japanese Soprano as Madame Butterfly,Paintings,Unique,Y,00876,Arbit Blatas,NA,Lithuanian,NA,United States of America,Oil on canvas,canvas,oil,Standard,,Unknown,Unknown,Unknown,121.92,Unknown,20th Century,1970,1999,1970,1999,Unknown,"impressionism; woman; Asian; standing; fan; painting; impressionism; woman; Asian; standing; fan; Signed lower left ""A. Blatas""",N
"Jesus Prisionero | Jesus, the Prisoner",Paintings,Unique,Y,01126,Unknown,NA,Spanish,NA,Spain,Oil on canvas,canvas,oil,Standard,Height: 150 cm; Width: 100 cm,150 cm,100 cm,NA,150.00,Unknown,18th Century,1700,1799,1700,1799,Red,,N
Jews at Cemetary in Marrakech,Paintings,Unique,Y,00876,Arbit Blatas,NA,Lithuanian,NA,United States of America,Oil on canvas,canvas,oil,Standard,24 x 48 in,24 in,48 in,NA,121.92,Unknown,20th Century,1954,1994,1954,1994,Multi,painting; impressionism; figures; six; sitting; unsigned,N
Kasimir Kord (Conductor),Paintings,Unique,N,00876,Arbit Blatas,NA,Lithuanian,NA,United States of America,Oil on canvas,canvas,oil,Standard,,Unknown,Unknown,Unknown,60.96,Unknown,20th Century,1975,1990,1975,1990,Unknown,"painting; impressionism; man; standing; bow tie; conductor; Signed lower right ""Blatas""",N
Knight and Angel,Paintings,Unique,Y,00309,Vachagan Narazyan,NA,Ukrainian,NA,Ukraine,Oil on canvas,canvas,oil,Standard,14 x 14 in,14 in,14 in,Unknown,35.56,Unknown,2007,2007,2007,2007,2007,Gray,Painting; signed on lower right and on back with black marker,N
Laguna Landscape,Paintings,Unique,Y,00330,Marco Sassone,NA,Italian,NA,United States of America, Oil on canvas,canvas,oil,Standard, 15 x 17 in,15 in,17 in,NA,43.18,Unknown,1975,1975,1975,1975,1975,Green,Depicts house in trees with raised wood porch/balcony. painting; house; porch; balcony; trees; Signed lower left,N
Le Nombril,Paintings,Unique,Y,00040,Gil Bruvel,NA,French,NA,United States of America,Oil on linen,linen,oil,Standard,36 x 29 in,36 in,29 in,NA,91.44,Unknown,1988,1988,1988,1988,1988,Brown,painting; modern art; nude woman; reclining; dragonfly; signed and dated lower right,N
Les Quais a Paris,Paintings,Unique,Y,00441,Eugene Galien Laloue,NA,French,NA,France,Gouache on paper,paper,gouache,Standard,,Unknown,Unknown,Unknown,31.00,Unknown,1875-1941,1874,1941,1874,1941,Multi,"Gouache on paper painting entitled ""Les Quais a Paris"" by Eugene Galien Laloue, depicting Parisian street scene. Wood frame with gold color finish.; painting, Paris, France; Signed lower left ""E. Galien Laloue""",N
Les Trois Barques d'Ajaccio | Fishermen with Three Boats,Paintings,Unique,Y,00690,Jose Fabri-Canti,NA,Russian,NA,France,Oil on canvas,canvas,oil,Standard,22 x 28 in,22 in,28 in,NA,71.12,Unknown,20th Century,1931,1994,1931,1994,Blue,impressionism; boats; three; figures; standing; sitting; water; painting; impressionism; boats; three; figures; standing; sitting; water; Signed,N
Light Trap 8204,Paintings,Unique,Y,00391,Ron Cooper,NA,American,NA,United States of America,polyester resin; fiberglass; acrylic,fiberglass,acrylic,Standard,"24 x 24 in, y",24 in,24 in,NA,60.96,Unknown,1982,1982,1982,1982,1982,Black,Carries artist label on back; no signature,N
Lincoln Winter Park Scene,Paintings,Unique,Y,00953,Ethel Spears,NA,American,NA,United States of America,Gouache,Unknown,gouache,Standard,22 x 30 in,22 in,30 in,NA,76.20,Unknown,1937,1937,1937,1937,1937,Orange,"Painting depicts people iceskating on rink, with two trees, partial car foreground. Gazebo-type building background. Snow on ground.&nbsp; In reds, blues, greens, oranges, grays, browns in wooden frame. Noted missing on 09/06/2000.; painting; exterior; park; winter; trees; ice skating; snow; Signed lower right ""Ethel Spears 1937""",N
Luxembourg Garden,Paintings,Unique,Y,01158,Henri Matisse,NA,French,NA,France, Oil on canvas,canvas,oil,Standard, 40.50 x 32.00 cm,40.5 cm,32 cm,Unknown,40.50,Unknown,1905,1905,1905,1905,1905,Yellow,landscape; statue; trees; painting; landscape; statue; trees; signed,N
Madonna and Child,Paintings,Unique,Y,00374,Unknown,NA,Italian,NA,Italy,Oil and gold on panel,wood,oil,Standard,23 x 15 in,23 in,15 in,Unknown,58.42,Unknown,16th Century,1500,1599,1500,1599,Unknown,painting; Byzantine; religious; Virgin Mary; Jesus Christ; child,N
Marine,Paintings,Unique,Y,00958,Petrus Jan Schotel,NA,Dutch,NA,Netherlands,Oil on canvas,canvas,oil,Standard,43.50 x 58.50 cm,43.50 cm,58.5 cm,NA,58.50,Unknown,1808-1865,1818,1865,1818,1865,Multi,"Burglary from a residence in Essen, December 22, 1997. painting; sailing ships; ocean; signed on the small boat in the lower right",N
Maryland Waterscape with Moored Sailboat,Paintings,Unique,Y,00722,Unknown,NA,Unknown,NA,United States of America, painting; signed lower right corner,paper,gouache,Standard,,Unknown,Unknown,Unknown,60.96,Unknown,,1930,2000,1930,2000,Black and white,"Anonymous painting, sailboat, signed",N
Mid Autumn Night,Paintings,Unique,Y,00406,Jiang Tie-Feng,NA,Chinese,NA,China,Mixed media rice paper,paper,mixed media,Standard,20 x 20 in,20 in,20 in,NA,50.80,Unknown,1985,1985,1985,1985,1985,Multi,Contemporary Chinese painting depicting a woman sitting with flying birds encircling her. painting; Asian; modern art; woman; birds; flying; signed in Chinese,N
Morro Bay,Paintings,Unique,Y,00964,Carrol T. Starr,NA,American,NA,United States of America,Oil on canvas,canvas,oil,Standard,12 x 16 in,12 in,16 in,Unknown,40.64,Unknown,1949,1949,1949,1949,1949,Unknown,painting; ocean; beach; waves; rock,N
Mother and Child,Paintings,Unique,N,00936,Alphaeus Philemon Cole,NA,American,NA,United States of America, Oil,Unknown,oil,Standard, 36 x 28 in,36 in,28 in,Unknown,91.44,Unknown,,1897,1976,1897,1976,Unknown, painting; woman; child; mirror,N
Mother of God (of Vladimir / Vladimirskaya),Paintings,Unique,Y,00360,Unknown,NA,Slavic,NA,Russia,Egg tempera on wood panel,wood,tempera,Standard,,Unknown,Unknown,Unknown,50.80,Unknown,1600,1575,1625,1575,1625,Gold,Mother of God (Vladimirskaya) holding the Christ Child.,N
Moulin de la Galette,Paintings,Unique,Y,00026,Elisee Maclet,NA,French,NA,France,Oil on canvas,canvas,oil,Standard,21 x 24 in,21 in,24 in,NA,60.96,Unknown,20th Century,1901,1962,1901,1962,Multi,painting; French; street; buildings; trees; people; walking; windmill; signed,N
Mr. and Mrs. Kelekian at the Table,Paintings,Unique,Y,00876,Arbit Blatas,NA,Lithuanian,NA,United States of America,Oil on canvas,canvas,oil,Standard,,Unknown,Unknown,Unknown,121.92,Unknown,20th Century,1954,1994,1954,1994,Multi,"impressionism; man; woman; sitting; eating; table; flowers; painting; impressionism; man; woman; sitting; eating; table; flowers; Signed lower right ""A. Blatas""",N
Mums and Daisies,Paintings,Unique,Y,00610,Rudy Colao,NA,American,NA,United States of America,Oil on panel,wood,oil,Standard,24 x 20 in,24 in,20 in,Unknown,60.96,Unknown,20th Century,1944,2013,1944,2013,Unknown,painting; still life; flowers; vase; signed lower left,N
Mythology I,Paintings,Unique,Y,00884,Adolfo,NA,Unknown,NA,United States of America, Acrylic on canvas,canvas,acrylic,Standard, 47.25 x 37.5 in,47.25 in,37.5 in,NA,120.02,Unknown,1994,1994,1994,1994,1994,Multi," Adolfo abstract art; blue; yellow; black; white, ainting; abstract art; blue; yellow; black; white; Signed lower right",N
Mythology II,Paintings,Unique,Y,00884,Adolfo,NA,Unknown,NA,United States of America,Acrylic on canvas,canvas,acrylic,Standard,47.25 x 37.5 in,47.25 in,37.5 in,Unknown,120.02,Unknown,1994,1994,1994,1994,1994,Blue,Adolfo abstract art; blue; yellow; black; white; painting; abstract art; blue; yellow; black; white,N
Negro Boy Riding in Donkey Cart,Paintings,Unique,Y,00166,William Aiken Walker,NA,American,NA,United States of America,Oil on board,board,oil,Standard,"6 x 12 in, frame",6 in,12 in,Unknown,30.48,Unknown,Circa 1884,1884,1884,1884,1884,Multi,African-American painting; painting; cart; donkey; African-American; signed,N
Newborn Dolphin,Paintings,Unique,Y,00197,Robert Wyland,NA,American,NA,United States of America,Oil on canvas,canvas,oil,Standard,20 x 29.5 in,20 in,29.5 in,NA,74.93,Unknown,1988,1988,1988,1988,1988,Blue,painting; water; ocean; dolphins; Signed,N
Northern Light,Paintings,Unique,Y,00578,Unknown,NA,Chinese,NA,China,,Unknown,paint,Standard,28 x 38 in,28 in,38 in,Unknown,96.52,Unknown,1851,1851,1851,1851,1851,Blue,"Carved dragon frame, 1851 Hong Kong. Harbor American Ship; painting; sailing ship; ocean",N
Olivia Birthday Portrait with Watering Can,Paintings,Unique,Y,01046,Max Moran,NA,American,NA,United States of America,Oil on canvas,canvas,oil,Standard,14 x 20 inches,14 in,20 in,NA,50.80,Unknown,,1972,1980,1972,1980,Black,,N
Paris - Chez La Mere Catherine,Paintings,Unique,Y,00876,Arbit Blatas,NA,Lithuanian,NA,France,Oil on carton,carton,oil,Standard,39.00 x 81.00 cm,39 cm,81 cm,NA,81.00,Unknown,1972,1972,1972,1972,1972,Unknown,painting; impressionism; interior; tables; chairs; men; women; unsigned,N
"Park Scene, Paris",Paintings,Unique,Y,00300,Lucien Frank,NA,Belgian,NA,France, Oil on carton,carton,oil,Standard, 12.5 x 9 in,12.5 in,9 in,NA,31.75,Unknown, Birth/Death Dates,1872,1920,1872,1920,Blue,"scene of a park, painting; Paris, France; street scene; signed lower right",N
Paysage au Coq Rouge,Paintings,Unique,Y,00485,Fernand Leger,NA,Argentan,NA,France,Oil on canvas,canvas,oil,Standard,"25.75"" x 36""",25.75 in,36 in,NA,91.44,Unknown,1937,1937,1937,1937,1937,Multi,"Abstract featuring a red mask, colors",N
Peacocks in an Indian Garden,Paintings,Unique,Y,00626,Douglas Arthur Teed,NA,American,NA,United States of America, Oil on canvas,canvas,oil,Standard, 13 x 17 in,13 in,17 in,NA,43.18,Unknown,1922,1922,1922,1922,1922,Multi,"Painting depicts two peacocks in the foreground; one typical colors, second albino with tail spread. Garden setting with third peacock and building in background. painting; exterior; garden; peacock; signed",N
Peonies and Lace,Paintings,Unique,Y,00908,Adolf Sehring,NA,Russian,German,United States of America, Oil on canvas,canvas,oil,Standard, 24 x 20 in,24 in,20 in,NA,60.96,Unknown,1997,1997,1997,1997,1997,Pink," Pink and white flowers in vase on laced doily on table top, painting; realism; still life; vase; flowers; lace; Signed in lower right corner ""A. Sehring""",N
Place de la Bastille,Paintings,Unique,Y,00905,Eugene Galien Laloue,NA,French,NA,France, Gouache,Unknown,gouache,Standard, 7.5 x 12.5 in,7.5 in,12.5 in,Unknown,31.75,Unknown, 1854-1941,1870,1941,1870,1941,Blue," painting; cityscape; Paris, France; street; buildings; monument; people; walking; Signed lower left",N
Place de Village en Provence - Park Scene,Paintings,Unique,Y,00690,Jose Fabri-Canti,NA,Russian,NA,France, Oil on canvas,canvas,oil,Standard, 22 x 28 in,22 in,28 in,Unknown,71.12,Unknown, 20th Century,1938,1990,1938,1990,Yellow,"Oil on canvas painting entitled ""Place de Village en Provence"" by Jose Fabri-Canti. Depicts three people seated on a park bench with people, structures and trees in the background.;  painting, impressionist, landscape, figures, standing, sitting, tree, park; Signed lower right",N
Portrait of a Child With a Hat,Paintings,Unique,Y,00926,Unknown,NA,Italian,NA,Italy, Oil on panel,wood,oil,Standard, 13.5 x 11.5 in,13.5 in,11.5 in,Unknown,34.29,Unknown, 18th Century,1850,1950,1850,1950,Unknown,portrait; full face; child; hat; painting; portrait; full face; child; hat,N
Portrait of Cardinal Odescalchi,Paintings,Unique,Y,00466,Unknown,NA,Italian,NA,Italy,Oil on canvas,canvas,oil,Standard,95.00 x 72.00 cm,95 cm,72 cm,NA,95.00,Unknown,End of 18th Century,1823,1850,1823,1850,Red,"In front of a dark, neutral background there is the two-thirds figure of Cardinal Odescalchi sitting with his body in half-profile, and his face in a three-quarters profile turned towards the left of the painting. He is wearing a cardinal's habit with a golden chain and the pendant of a cardinal's cross. In his raised right hand he is holding a document, while the left hand is resting on the armrest of the armchair. His face is characterized by a gentle expression and his gaze is turned to the observer. Inventory No: S-5",N
"Portrait of Jan van Loon, Jr.",Paintings,Unique,Y,00489,Bernard Coclers,NA,Dutch,NA,Belgium, Oil on canvas,canvas,oil,Standard, 35 x 30 cm,35 cm,30 cm,Unknown,35.00,Unknown,1779,1779,1779,1779,1779,Unknown,"Portrait of Jan van Loon, Jr. painted by Bernard Coclers, with gilt wood frame; painting; portrait; right facing; man; sitting; wig; signed",N
Portrait of John Steven McGroarty,Paintings,Unique,Y,00964,Seymour Stephen Thomas,NA,American,NA,United States of America,Oil on canvas,canvas,oil,Standard,24 x 18 in,24 in,18 in,NA,60.96,Unknown,1934,1934,1934,1934,1934,Multi,"Portrait; right facing; man; tie, painting; portrait; right facing; man; tie; ""John McGroarty Aug. 8, 1934"" lower right; signed lower right",N
Portrait of Roommate Michael,Paintings,Unique,Y,01046,Max Moran,NA,American,NA,United States of America,Oil on panel,wood,oil,Standard,16 x 20 in,16 in,20 in,Unknown,50.80,Unknown,1988-1989,1988,1989,1988,1989,Brown,portrait,N
Racing Past the Club House,Paintings,Unique,Y,00831,John Henry Rouson,NA,English,NA,United States of America,Oil on canvas,Oil,Canvas,Standard,"Width: 48""; Height: 36",36 in,48 in,Unknown,121.92,Unknown,1995-1999,1995,1999,1995,1999,Blue,printed signature; Six horses with jockeys racing,N
Racoon In Dress,Paintings,Unique,Y,00796,Lucien Smith,NA,American,NA,United States of America,Oil on canvas,canvas,oil,Standard,8.75 x 11.75 in,8.75 in,11.75 in,NA,45.09,Unknown,2015,2015,2015,2015,2015,Pink,LuSm 82,N
Regina Resnik as Klytemnestra in Dressing Room,Paintings,Unique,Y,00876,Arbit Blatas,NA,Lithuanian,NA,United States of America,Oil on carton,carton,oil,Standard,47 x 62.5 in,47 in,62.5 in,NA,158.75,Unknown,20th Century,1961,1971,1961,1971,Unknown,"impressionism; woman; sitting; mirror; gown painting; impressionism; woman; sitting; mirror; gown; signed lower right ""Blatas""",N
Regina Resnik in The Medium,Paintings,Unique,Y,00876,Arbit Blatas,NA,Lithuanian,NA,Portugal, Oil on carton,carton,oil,Standard,,Unknown,Unknown,Unknown,121.92,Unknown, 20th Century,1970,1976,1970,1976,Unknown,"impressionism; woman; sitting; light fixture; painting; impressionism; woman; sitting; light fixture; Signed lower right ""Blatas""",N
Regina Resnik Making Up as Klytmenestra,Paintings,Unique,Y,00876,Arbit Blatas,NA,Lithuanian,NA,United States of America, Oil on carton,carton,oil,Standard,,Unknown,Unknown,Unknown,152.40,Unknown, 20th Century,1961,1971,1961,1971,Unknown, painting; impressionism; woman; profile; sitting; mirror; unsigned,N
Sacre Coeur (Sacred Heart),Paintings,Unique,Y,00026,Elisee Maclet,NA,French,NA,France,Oil on canvas,canvas,oil,Standard,24 x 18.5 in,24 in,18.5 in,Unknown,60.96,Unknown,20th Century,1901,1962,1901,1962,Blue,Landscape featuring a street scene with a man; painting; French; street; man; standing; buildings; trees; Signed lower right,N
San Antonio,Paintings,Unique,Y,00050,Unknown,NA,Peruvian,NA,Peru,Oil on canvas,canvas,oil,Standard,40 x 30 in,40 in,30 in,NA,101.60,Unknown,18th Century,1700,1799,1700,1799,Multi,painting; religious; Saint Anthony; Jesus Christ; Depicting St. Anthony holding the Christ child; Cuzco Spanish colonial painting in 23k gold fram,N
Scarecrow,Paintings,Unique,Y,00830,Donald Nield,NA,American,NA,United States of America, Oil on canvas,canvas,oil,Standard," 52"" x 60""",52 in,60 in,NA,152.40,Unknown,1974,1974,1974,1974,1974,Blue,"Scarcrow with pumpkin head wearing a hat, tie and tuxedo, in a field. Trompe l’oeil gargoyle at top of painting and title in box below scarecrow.",N
Seascape,Paintings,Unique,Y,00325,Alfredo Gomez,NA,Mexican,NA,United States of America, Oil on canvas,canvas,oil,Standard," 36"" x 48""",36 in,48 in,Unknown,121.92,Unknown,,1984,2020,1984,2020,Blue, signed by artist on lower right,N
Seated Nude Female,Paintings,Unique,Y,0057,Houshang Peyman,NA,Persian,NA,United States of America,Oil on canvas,canvas,oil,Standard,35 x 24 in,35 in,24 in,NA,88.90,Unknown,1994,1994,1994,1994,1994,Unknown,painting; portrait; nude woman; sitting; water; unsigned; canvas cut out of frame,N
Self Portrait,Paintings,Unique,Y,00995,Minas Avetisyan,NA,Armenian,NA,Armenia,Oil on canvas,canvas,oil,Standard,22 x 22 in,22 in,22 in,Unknown,55.88,Unknown,1928-1975,1945,1975,1945,1975,Yellow,,N
Serenity,Paintings,Unique,Y,00782,Ostor Glorig,NA,American,NA,United States of America,Oil on canvas,canvas,oil,Standard,37 x 47 in,37 in,47 in,Unknown,119.38,Unknown,1965-1969,1965,1969,1965,1969,Blue,Four boats sailing into a sunset; painting; ocean; seascape; sailboat; signed Ostor Glorig lower left; hand carved dark wood frame,N
Set Design,Paintings,Unique,Y,00285,Nikolai Konstantinovich Kalmakov,NA,Russian,NA,Russia, Gouache cardboard,cardboard,gouache,Standard, 40.00 x 38.00 cm,40 cm,38 cm,Unknown,40.00,Unknown,,1914,1914,1914,1914,Gold, painting; stage set; theater,N
Shah Abbas Playing Polo,Paintings,Unique,Y,00926,Attrib. Husayn Taher-zadeh Behzad,NA,Iranian,NA,Iran,,paper,gouache,Standard, 10 x 12 in,10 in,12 in,NA,30.48,Unknown, 19th Century,1890,1950,1890,1950,Multi,Persian; man; horse; riding; polopainting; Persian; man; horse; riding; polo,N
Shah Abras with Falcon,Paintings,Unique,Y,00926,Master Mohammad Hasan Afshar,NA,Persian,NA,Iran,Skin,skin,pigments,Standard,14 x 10 in,14 in,10 in,NA,35.56,Unknown,19th Century,1835,1865,1835,1865,Multi,painting; Persian; man; falcon; signed,N
Shock & Scan 6,Paintings,Unique,Y,00076,Don Giffin,NA,American,NA,United States of America,Acrylic plexiglas,Plexiglas,acrylic,Standard,36 x 32 in,36 in,32 in,NA,91.44,Unknown,2002,2002,2002,2002,2002,Orange,painting; abstract; red; white; yellow; purple; none,N
Sigmund Menkes,Paintings,Unique,Y,00876,Arbit Blatas,NA,Lithuanian,NA,United States of America, Oil on canvas,canvas,oil,Standard, 102.00 x 76.00 cm,102 cm,76 cm,Unknown,102.00,Unknown, 20th Century,1941,1995,1941,1995,Unknown,portrait; right facing; man; tie; vest; painting; portrait; right facing; man; tie; vest; unsigned,N
Smoking Girl,Paintings,Unique,N,01004,Rebecca Midwood,NA,American,NA,United States of America,Acrylic on wood,wood,acrylic,Standard,24 x 48 in,24 in,48 in,Unknown,121.92,Unknown,1999,1999,1999,1999,1999,Unknown,painting; woman; smoking; underwear; heart; Signed and dated on verso.,N
Souls in Purgatory,Paintings,Unique,Y,00392,Unknown,NA,Unknown,NA,Unknown,Oil on canvas,canvas,oil,Standard,160.00 x 106.00 cm,160 cm,160 cm,NA,160.00,Unknown,18th Century,1700,1800,1700,1800,Unknown,painting; Virgin Mary; Cedula # 003617-4; Wooden frame. Lower part of frame is scraped and broken.,N
Spring Flowers,Paintings,Unique,Y,00214,Unknown,NA,Unknown,NA,Unknown, Oil on canvas,canvas,oil,Standard, 24 x 24 in,24 in,24 in,Unknown,60.96,Unknown,,1850,1980,1850,1980,Unknown, painting; Asian; portrait; left facing; woman; hat; basket,N
St. James the Greater,Paintings,Unique,Y,00954,Pacino di Bonaguida,NA,Italian,NA,Italy,Oil on panel,wood,oil,Standard,61.00 x 35.50 cm,61 cm,35.5 cm,Unknown,61.00,Unknown,1303-1339,1303,1339,1303,1339,Unknown,painting; religious; saint; robes; beard,N
St. Nicholas,Paintings,Unique,Y,00374,Unknown,NA,Russian,NA,Russia, Tempera and gold on panel,wood,tempera,Standard, 11 x 8 in,11 in,8 in,NA,27.94,Unknown, 16th Century,1500,1599,1500,1599,Gold, painting; icon; religious; man,N
Standing Figure,Paintings,Unique,Y,00964,Keith Finch,NA,American,NA,United States of America, Oil on board,board,oil,Standard, 21 x 12 in,21 in,12 in,NA,53.34,Unknown, 1900-1957,1940,1990,1940,1990,Unknown, painting; modern art; figure; standing,N
Stations of the Cross - 12,Paintings,Unique,Y,00444,Ben Stahl,NA,American,NA,United States of America,,canvas,oil,Standard,9' x 6',108 in,72 in,NA,274.32,Unknown,1954,1954,1954,1954,1954,Multi,"One painting in a series entitled ""The Way of the Cross,"" which represents the 14 stations of the cross.; painting; religious; Jesus Christ; cross; crucifixion",N
Stations of the Cross - 9,Paintings,Unique,Y,00444,Ben Stahl,NA,American,NA,United States of America,,canvas,oil,Standard, 9' x 6',108 in,72 in,NA,274.32,Unknown,1954,1954,1954,1954,1954,Multi,"One painting in a series entitled ""The Way of the Cross,"" which represents the 14 stations of the cross.;  painting; religious; Jesus Christ; cross; whip",N
Stephen VanRensselaer,Paintings,Unique,Y,00939,Unknown,NA,American,NA,United States of America,Oil on canvas,canvas,oil,Standard,29 x 24 in,29 in,24 in,NA,73.66,Unknown,Early 19th Century,1800,1839,1800,1839,Unknown,"painting; portrait; left facing; man; gray hair; cravat; Engraved plate at bottom of frame ""Stephen VanRensselaer""",N
Still Life from College - CCAD,Paintings,Unique,Y,01046,Max Moran,NA,American,NA,United States of America, Oil on canvas,canvas,oil,Standard, Approximately 22 x 22 inches,22 in,22 in,NA,55.88,Unknown,,1972,2000,1972,2000,Brown,still life,N
Still Life of Roses in a Basket on a Table,Paintings,Unique,Y,00079,Johan Laurentz Jensen,NA,Danish,NA,Denmark,Oil on canvas,canvas,oil,Standard,15.5 x 18 in,15.5 in,18 in,NA,45.72,Unknown,1829,1829,1829,1829,1829,Red,"White, red and pink roses in a beige wicker basket on sitting on a brown table top, painting; still life; flowers; basket; table",N
Still Life with Rabbit and Pheasant,Paintings,Unique,Y,00876,Arbit Blatas,NA,Lithuanian,NA,France,Oil on carton,carton,oil,Standard,,Unknown,Unknown,Unknown,91.44,Unknown,20th Century,1929,1999,1929,1999,Multi,"painting; impressionism; still life; plates; bottle; knife; pheasant; rabbit; Signed lower right ""A. Blatas""",N
Strains of Blue,Paintings,Unique,Y,00964,Evelyn Delight Carpenter,NA,American,NA,United States of America, Oil on canvas,canvas,oil,Standard, 34 x 34 in,34 in,34 in,Unknown,86.36,Unknown,1963,1963,1963,1963,1963,Blue,abstract art; blue;  painting; abstract art; blue,N
Street Scene with Building in Background,Paintings,Unique,Y,00643,Lucien Nuequelman,NA,French,NA,France, Oil on panel,wood,oil,Standard, 25 x 20 in,25 in,20 in,Unknown,63.50,Unknown,1988,1988,1988,1988,1988,Blue,"Paris, France; street scene; painting; Paris, France; street scene; signed Nuequelman, dated 1988",N
Summer Cottage,Paintings,Unique,N,00953,Bruce McKain,NA,American,NA,United States of America,Oil,canvas,oil,Standard,24.25 x 29.25 in,24.25 in,29.25 in,NA,74.30,Unknown,Circa 1935,1935,1943,1935,1943,Unknown,"Reported missing on 12/21/1989.; painting; house; cottage; ""Bruce McKain Summer Cottage #4"" near top center verso in pencil; ""5306"" on verso on top stretcher in pencil; Brass tag: ""WPA Federal Art Project"", lower center brass tag recto: ""DPS Form 12, Federal Works Agency, Works Projects Administration, WPA Art Program Identification Card A936A, Bruce McKain, Massachusetts, Oil, Summer Cottage"" top left verso on label: ""Arlington 8, West Wall Side"" near top center verso in pencil.",N
Summer Flowers,Paintings,Unique,Y,00231,Mark King,NA,English,NA,United States of America,Acrylic,canvas,acrylic,Standard,24 x 30 in,24 in,30 in,NA,76.20,Unknown,1989,1989,1989,1989,1989,Unknown,painting; landscape; flowers; pond; water; Signed; Serial # KIN 1183,N
Taos Indian,Paintings,Unique,Y,00146,Henry Balink,NA,Dutch,NA,United States of America,,Unknown,oil,Standard,24 x 24 in,24 in,24 in,Unknown,60.96,Unknown,,1917,1960,1917,1960,Yellow,Portrait; man; left facing; Native American; buckskin; necklace; painting; portrait; man; left facing; Native American; buckskin; necklace; Signed lower right,N
The Adoration of the Magi | L'adoration des Mages,Paintings,Unique,Y,00466,Unknown,NA,French,NA,France,Oil on marble gilt wood,canvas,oil,Standard,47.50 x 49.30 cm,47.50 cm,49.30 cm,NA,49.30,Unknown,17th Century,1600,1699,1600,1699,Multi,"The figural composition of the Biblical theme of the adoration of the Magi is shown in the foreground. To the left, on a raised throne, is a group with the Mother of God, the infant Jesus in his mother's arms and Joseph; the group is approached from the right by the Magi, who are bowing. The left part of the painting in the background shows the architecture of the wooden manger, while the right side shows the monumental architecture of a triumphal arch through which a procession of figures diminished by the perspective. Above the scene, in the center of the upper part of the painting, is a group of hovering winged angels. Inventory No: S-3; painting, religious, Jesus Christ, Virgin Mary, Joseph, Magi",N
The Adoration of the Shepherds,Paintings,Unique,Y,00819,Giovanni Castello (called II Genovese),NA,Italian,NA,Spain, Tempera on vellum,vellum,tempera,Standard, 7.375 x 5.5 in,7.375 in,5.5 in,Unknown,18.73,Unknown,1584,1584,1584,1584,1584,Multi," Painting; Religious; Initialed lower center ""C.B."" and dated in doorway at top ""1584."" Also initialed and dated on verso; Painting is in very good condition. No noticeable problems with the work. Tempera looks good. Frame is in good condition. Dark wood frame, matted in velvet with glass covering. Piece of paper taped to the back with text",N
The Black Virgen,Paintings,Unique,Y,00296,Patssi Valdez,NA,American,NA,United States of America,Acrylic on canvas,canvas,acrylic,Standard,36 x 24 in,36 in,24 in,Unknown,91.44,Unknown,1989,1989,1989,1989,1989,Orange,"religious painting, painting; signed lower left",N
The Bottomless Pit,Paintings,Unique,Y,00626,Harry Roseland,NA,American,NA,United States of America,Oil on board,board,oil,Standard,9 x 11.25 in,9 in,11.25 in,NA,28.58,Unknown,1947,1947,1947,1947,1947,Red,"Interior setting featuring a Black woman wearing a bandanna, shawl and apron seated feeding a young black child, seated. Background consists of table covered by red tablecloth, soiled wall painted off white and dark green.painting; interior; room; African American; woman; child; rocking chair; table; signed",N
The Calvary With Veronica's Veil,Paintings,Unique,Y,00374,Unknown,NA,Flemish,NA,Netherlands,Oil on panel,wood,oil,Standard,32 x 22 in,32 in,22 in,Unknown,81.28,Unknown,16th Century,1500,1599,1500,1599,Multi,religious; people; cross; arch; robes; Jesus Christ; painting; religious; people; cross; arch; robes; Jesus Christ,N
The Couple,Paintings,Unique,Y,00995,Samuel Hampartsoumian,NA,Armenian,NA,Armenia,Oil on canvas,canvas,oil,Standard,"20"" x 24""",20 in,24 in,NA,60.96,Unknown,Contemporary,1980,2024,1980,2024,White,Abstract of couple on white background.; signed lower left,N
The Entombment,Paintings,Unique,Y,00374,Thomas de Keyser,NA,Dutch,NA,Netherlands,Oil on panel,wood,oil,Standard,30 x 22 in,30 in,22 in,NA,76.20,Unknown,17th Century,1608,1667,1608,1667,Unknown,painting; religious; Jesus Christ; death; people,N
The Happy Orange Ginnt,Paintings,Unique,Y,01031,James Rizzi,NA,American,NA,United States of America,Oil on canvas acrylic,canvas,acrylic,Standard,50 3/8 x 36 3/8 in,50.375 in,36.375 in,NA,127.95,Unknown,1972,1972,1972,1972,1972,Orange,"Oil on canvas, possibly acrylic on canvas, painting with black satin finish. Image depicts large face with white bird standing on the man's shoulder. painting; modern art; portrait; full face; man; bird; ""Rizzi"" lower left",N
The Holy Family with the Infant St. John,Paintings,Unique,Y,01052,Style of Giulio Romano,NA,Italian,NA,Italy,Oil on canvas,canvas,oil,Standard,83.00 x 66.00 cm,83 cm,66 cm,NA,83.00,Unknown,17th Century,1510,1620,1510,1620,Red,"Painting depicts infant Jesus and St. John in Virgin Mary's lap with St. Joseph sitting on left, another saint on right.; painting; religious; Virgin Mary; Jesus Christ; woman; men; children; unsigned",N
The Life of St. Nicholas,Paintings,Unique,Y,01067,Unknown,NA,Russian,NA,Russia,Tempera on wood,wood,tempera,Standard,130 x 90 cm,130 cm,90 cm,NA,130.00,Unknown,15th Century,1400,1499,1400,1499,Multi,"15th century icon, tempera on wood. St. Nicholas in the central field with scenes of his life in the surrounding fields., icon, religious, St. Nicholas",N
The Paradise,Paintings,Unique,Y,00819,Jan van Kessel the Elder,NA,Flemish,NA,Belgium,Oil on panel,wood,oil,Standard,21 x 28.5 in,21 in,28.5 in,NA,72.39,Unknown,17th Century,1618,1679,1618,1679,Green,"God's creation of Eve, with Adam and animals in the Paradise landscape (formerly attributed to Circle of Roelandt Savery). Painting; Religious; The work is in good condition. Some slight cracking of the paint (it's very uniform throughout the entire painting). There is dirt on the surface of the canvas. The frame is in very good condition. Wood frame (no glass covering)",N
Thomas Birch oil on panel Landscape,Paintings,Unique,Y,00185,Thomas Birch,NA,English,NA,United States of America,Oil on panel,wood,oil,Standard,24 x 34 in,24 in,34 in,Unknown,86.36,Unknown,1800-1850,1800,1850,1800,1850,Multi,"landscape; trees; sailing ship; water; rowboat; boy; men; painting; landscape; trees; sailing ship; water; rowboat; boy; men; ""T. BIRCH/ PHILA."" carved into back of panel",N
Three Faces,Paintings,Unique,Y,00605,Margaret Keane,NA,American,NA,United States of America,Oil on canvas,canvas,oil,Standard,24 x 30 in,24 in,30 in,Unknown,76.20,Unknown,1974,1974,1974,1974,1974,Green,"painting; women; three; Asian; fan; signed lower left ""MDH Keane '74""",N
Threepenny Opera | On the Street,Paintings,Unique,Y,000876,Arbit Blatas,NA,Lithuanian,NA,United States of America,Pen and gouache on paper,paper,gouache,Standard, 67.00 x 58.00 cm,67 cm,58 cm,NA,67.00,Unknown, 20th Century,1954,1994,1954,1994,Multi,"impressionism; street; street light; crowd, drawing; impressionism; street; street light; crowd; signed",N
Threepenny Opera | The Quarrel,Paintings,Unique,Y,000876,Arbit Blatas,NA,Lithuanian,NA,United States of America,Pen and gouache on paper,paper,gouache,Standard,67 x 58 cm,67 cm,58 cm,NA,67.00,Unknown,20th Century,1954,1994,1954,1994,Multi,drawing; impressionism; figures; men; standing; women; group; Signed,N
Tide on the Morning Bar,Paintings,Unique,Y,00600,Sydney Laurence,NA,American,NA,United States of America,Oil on canvas,canvas,oil,Standard,10 x 12 in,10 in,12 in,NA,30.48,Unknown,,1885,1940,1885,1940,Blue,painting; ocean; water; waves; mountain,N
Tinkerbell,Paintings,Unique,N,01004,Rebecca Midwood,NA,American,NA,United States of America, Acrylic on wood painting,wood,acrylic,Standard, Height: 24 in x Width: 48 in,24 in,48 in,NA,121.92,Unknown, Period: 1999,1999,1999,1999,1999,Yellow,Painting depicting Tinkerbell in a beige outfit with a yellow background. No Image Associated with this Item; signed and dated on verso,N
Together,Paintings,Unique,Y,00558,Darida,NA,Romanian,NA,United States of America,Oil on canvas,canvas,oil,Standard,"30 x 40 in, frame",30 in,40 in,Unknown,101.60,Unknown,20th Century,1987,2020,1987,2020,Red,"Image depicts a blonde woman in flowing magenta gown with her proper right arm extended, blonde man stands behind her. painting; modern art; man; woman; signed by artist",N
Turkey,Paintings,Unique,Y,00859,Whiting Tennis,NA,American,NA,United States of America,Oil on canvas,canvas,oil,Standard,30 x 24 in,30 in,24 in,NA,76.20,Unknown,2010,2010,2010,2010,2010,Brown,"This work features a dark geometric form comprised of several smaller, similarly-colored segments on a light-colored background.",N
Untitled,Paintings,Unique,Y,00297,Madeleine Rouart,NA,French,NA,France,Oil on canvas,canvas,oil,Standard,15.5 x 20.5 in,15.5 in,20.5 in,NA,52.07,Unknown,,1914,1986,1914,1986,Multi,Depiction of Villas,N
Untitled (Faces of God Series),Paintings,Unique,Y,00873,Tyree Guyton,NA,American,NA,United States of America,Plaster paint,plaster,paint,Standard, 36 x 18 in,36 in,18 in,NA,91.44,Unknown,1998,1998,1998,1998,1998,Pink, painting; face; modern art,N
Untitled (Stick Figure),Paintings,Unique,Y,00361,Rufino Tamayo,NA,Mexican,NA,Mexico,Oil on canvas,canvas,oil,Standard,27 x 23.25 in,27 in,23.25 in,Unknown,68.58,Unknown,1968,1968,1968,1968,1968,Blue,Signed and dated 0-68 in lower right.,N
Untitled Abstract Landscape (Kandinsky),Paintings,Unique,Y,00934,Wassily Kandinsky,NA,Russian,NA,France,Oil on board,board,oil,Standard, 15 x 21 in,15 in,21 in,NA,53.34,Unknown, 1890-1944,1890,1944,1890,1944,Yellow," Oil on board by Wassily (Vasili) Kandinsky. Abstract style depicting landscape with road from center foreground toward center of canvas. Road lined with bare trees. Mountains, rising sun, and house in background. Primary colors yellow, blue, and black.; painting, expressionism, landscape, road, tree, sun, mountain; signed lower left",N
Untitled Ali Golkar Painting of a Plant,Paintings,Unique,Y,00981,Ali Golkar,NA,Iranian,NA,United States of America,Acrylic on canvas,canvas,acrylic,Standard,60 x 48 in,60 in,48 in,Unknown,152.40,Unknown,2002,2002,2002,2002,2002,Multi,"painting; modern art; plant; Signed ""Ali"" lower left; inventory #752 on back of canvas",N
Untitled Guyton,Paintings,Unique,Y,00873,Tyree Guyton,NA,American,NA,United States of America,Paint; Wood,wood,paint,Standard,60 x 36 in,60 in,36 in,NA,152.40,Unknown,1996,1996,1996,1996,1996,Pink,Male face painted with a green background trimmed in pink and blue. painting; face; man; modern art,N
Untitled Mixed Media Painting,Paintings,Unique,Y,00934,Ivan Vassilievich Kliun,NA,Russian,NA,Russia,Mixed media,Unknown,paint,Standard,23 x 17 in,23 in,17 in,NA,58.42,Unknown,1900-1950,1900,1950,1900,1950,Yellow,"Mixed media painting by Ivan Kliun. Abstract style with yellow background and shapes in yellow, purple, and black. Mixed media painting by Ivan Kliun. Abstract style with yellow background and shapes in yellow, purple, and black.; painting, abstract art, yellow, purple, black",N
"Untitled Oil on Glass, Reverse Painting",Paintings,Unique,Y,00423,Unknown,NA,Russian,NA,Russia,Oil on glass,glass,oil,Standard,18 x 18 in,18 in,18 in,Unknown,45.72,Unknown,,1800,1899,1800,1899,Blue,Russian Orthodox robed priest standing in profile with smaller priest in clouds upper right. Larger priest holds a bow in his hand. painting; religious; priest; robe; bow; reverse painting,N
Untitled Philip Paval Abstract Painting,Paintings,Unique,Y,00964,Philip Paval,NA,Danish,NA,United States of America, Oil on board,board,oil,Standard, 24 x 30 in,24 in,30 in,Unknown,76.20,Unknown, 1950-1970,1950,1970,1950,1970,Unknown,oil on board; painting; abstract art,N
Vase of Flowers in a Niche with Fruit and Mushrooms,Paintings,Unique,Y,00954,Paolo Cattamara,NA,Italian,NA,Italy, Oil on canvas,canvas,oil,Standard, 79.80 x 63.50 cm,79.8 cm,63.5 cm,Unknown,79.80,Unknown, 18th Century,1600,1675,1600,1675,Multi,Paolo Cattamarastill life; vase; flowers; fruit; mushroom; painting; still life; vase; flowers; fruit; mushroom,N
"View from the Artist's Studio, Paris",Paintings,Unique,Y,00428,Mary Foote,NA,American,NA,France,Oil on canvas,canvas,oil,Standard,22 x 13 in,22 in,13 in,Unknown,55.88,Unknown,,1887,1901,1887,1901,Multi,painting; street scene; balcony; buildings; door; not signed,N
Vineyard Haven Harbor #2,Paintings,Unique,Y,01046,Max Moran,NA,American,NA,United States of America,Oil on canvas,canvas,oil,Standard,32 x 40 in,32 in,40 in,NA,101.60,Unknown,1986-1988,1986,1988,1986,1988,Multi,Landscape,N
Virgin of Saint Rose of Lima,Paintings,Unique,Y,00397,Unknown,NA,Mexican,NA,Mexico, Oil on canvas,canvas,oil,Standard, 100.00 x 180.00 cm,100 cm,180 cm,NA,180.00,Unknown, 17th Century,1600,1699,1600,1699,Multi,"Woman dressed as a nun with a rosary. Arms are open and she is looking at the baby Jesus who extends his arms towards the woman; painting; saint; baby; ""rosa cordis mei tv mihisponsa esto""; canvas cut from the frame",N
William Tecumseh Sherman,Paintings,Unique,Y,00033,Samuel H. Lockett,NA,American,NA,United States of America,Oil on canvas,canvas,oil,Standard,"88"" x 50""",88 in,50 in,Unknown,223.52,Unknown,Circa 1869,1869,1883,1869,1883,Unknown,Portrait of Gen. William Tecumseh Sherman; Standing; Posing behind a chair; Full-length portrait of Gen. William Tecumseh Sherman in military uniform.; Cut from the frame at the time of theft,N
Woman Sweeping a Porch,Paintings,Unique,Y,00730,Fernand de Braekeleer,NA,Flemish,NA,Netherlands, Oil on wood,wood,oil,Standard, 30 x 23 in,30 in,23 in,NA,76.20,Unknown,1810,1810,1810,1810,1810,Orange, painting; woman; porch; broom; Nameplate on front and signed Fernand de Braekeleer,N
Women Bathing,Paintings,Unique,Y,00995,Hrachya Hakobyan,NA,Armenian,NA,Armenia, Oil on canvas,canvas,oil,Standard," 24"" x 30""",24 in,30 in,NA,76.20,Unknown,,1997,2018,1997,2018,Pink, Contemporary,N
Young Bohemian,Paintings,Unique,Y,00423,Albert Handell,NA,American,NA,Czech Republic,Oil on canvas,canvas,oil,Standard,30 x 20 in,30 in,20 in,NA,76.20,Unknown,,1960,1980,1960,1980,White,Portrait of bearded man in white shirt.; painting; portrait; right facing; man; beard,N